kappa,delta_sharpe_exec,delta_sharpe_tgt,mismatch
0,-0.000246,-0.000000,no
1e-4,+0.003052,-0.000084,yes
2e-4,+0.005549,-0.000186,yes
5e-4,+0.010503,-0.000150,yes
1e-3,+0.021251,-0.000308,yes
2e-3,+0.048707,-0.002033,yes
