{
  "mean": 0.014147219646873916,
  "std": 0.005883041147399831
}