{
  "mean": 0.013664666341357308,
  "std": 0.005963017614258535
}