run_id,model_type,seed,regime,period,total_reward,avg_reward,cumulative_return,avg_turnover,total_turnover,sharpe,max_drawdown,steps,cumulative_return_net_exp,sharpe_net_exp,max_drawdown_net_exp,cumulative_return_net_lin,sharpe_net_lin,max_drawdown_net_lin,eval_id,eval_window
runid_baseline_seed0,baseline_sac,0,high,test,0.002937789029623804,0.0009792630098746013,0.00495000000000001,0.08333333333333333,0.25,4.242640687119286,-0.0050000000000000044,3,0.0029421085607364006,2.6900574268794166,-0.005994502665791823,0.0029510449999998745,2.6961511028187513,-0.005994999999999973,runid_baseline_seed0,test
runid_baseline_seed0,baseline_sac,0,all,test,0.002937789029623804,0.0009792630098746013,0.00495000000000001,0.08333333333333333,0.25,4.242640687119286,-0.0050000000000000044,3,0.0029421085607364006,2.6900574268794166,-0.005994502665791823,0.0029510449999998745,2.6961511028187513,-0.005994999999999973,runid_baseline_seed0,test
baseline_strategies_seed0,buy_and_hold_equal_weight,0,high,test,0.0029601482516380586,0.0009867160838793528,0.0039679999999999715,0.05000000000000001,0.15000000000000002,4.242640687119286,-0.0040000000000000036,3,0.00296453381671391,3.20687305171027,-0.00449787552074743,0.002966250000000059,3.2071349029490923,-0.0044999999999999485,runid_prl_seed0,test
baseline_strategies_seed0,buy_and_hold_equal_weight,0,all,test,0.0029601482516380586,0.0009867160838793528,0.0039679999999999715,0.05000000000000001,0.15000000000000002,4.242640687119286,-0.0040000000000000036,3,0.00296453381671391,3.20687305171027,-0.00449787552074743,0.002966250000000059,3.2071349029490923,-0.0044999999999999485,runid_prl_seed0,test
runid_prl_seed0,prl_sac,0,high,test,0.002937789029623804,0.0009792630098746013,0.00495000000000001,0.08333333333333333,0.25,4.242640687119286,-0.0050000000000000044,3,0.0029421085607364006,2.6900574268794166,-0.005994502665791823,0.0029510449999998745,2.6961511028187513,-0.005994999999999973,runid_prl_seed0,test
runid_prl_seed0,prl_sac,0,all,test,0.002937789029623804,0.0009792630098746013,0.00495000000000001,0.08333333333333333,0.25,4.242640687119286,-0.0050000000000000044,3,0.0029421085607364006,2.6900574268794166,-0.005994502665791823,0.0029510449999998745,2.6961511028187513,-0.005994999999999973,runid_prl_seed0,test
