{
  "mean": 0.014190920123748016,
  "std": 0.005949911998958343
}