{
  "mean": 0.014190920378957377,
  "std": 0.005949911919982182
}