forecast_mse,rank_ic_mean,sign_accuracy,avg_turnover_exec,avg_realized_cost,net_sharpe,n_eval_days,n_asset_days,kappa,c_value,forecast_metric_stage,decision_metric_stage,fit_ridge_alpha,fit_passes,include_prev_weights
0.0005139298519313461,-0.004614206415053189,0.5053358443188951,1.2903205462349414,0.0,1.1874503410491601,472,12744,0.0,0.0,pre_decision_layer,post_decision_layer,30.0,2,True
0.0005139298519313461,-0.004614206415053189,0.5053358443188951,1.2903205462349414,0.0,1.1874503410491601,472,12744,0.0,3000.0,pre_decision_layer,post_decision_layer,30.0,2,True
0.0005139298519313461,-0.004614206415053189,0.5053358443188951,1.2903205462349414,0.0006451602731174708,0.0660634696162989,472,12744,0.0005,0.0,pre_decision_layer,post_decision_layer,30.0,2,True
0.0005137691051142737,-0.0008432193197161975,0.5094161958568738,0.11893845606184142,5.9469228030920714e-05,1.0199257230741958,472,12744,0.0005,3000.0,pre_decision_layer,post_decision_layer,30.0,2,True
0.0005139298519313461,-0.004614206415053189,0.5053358443188951,1.2903205462349414,0.0012903205462349416,-1.0528733568800916,472,12744,0.001,0.0,pre_decision_layer,post_decision_layer,30.0,2,True
0.0005153580804822491,-0.0013476467335915283,0.5102008788449467,0.0633256254656352,6.33256254656352e-05,0.9679433937985784,472,12744,0.001,3000.0,pre_decision_layer,post_decision_layer,30.0,2,True
