model_type,seed,total_reward,avg_reward,cumulative_return,avg_turnover,total_turnover,sharpe,max_drawdown,steps
baseline,0,-0.10162256029434502,-0.0019174067980065098,-0.0915161334817145,0.21299647757748388,11.288813311606646,-1.6340203898962191,-0.10880810855552958,53
prl,0,-0.10246081469813362,-0.0019332229188327099,-0.09237047825612721,0.20912524418167347,11.083637941628695,-1.7688344280979977,-0.1039404684126175,53
