model_type,seed,total_reward,avg_reward,cumulative_return,avg_turnover,sharpe,max_drawdown,steps
baseline,0,0.006096269710472058,6.018035252193541e-06,0.006140879588113268,5.099994956946914e-05,1.9058573816895292,-0.0006804093084077367,1013
baseline,1,0.006181313722223081,6.101987879785864e-06,0.006237417873696582,7.252128075841384e-05,1.9165864565544946,-0.0006944205801826531,1013
baseline,2,0.006061367120395289,5.983580572946979e-06,0.006107866465012268,5.51273707973404e-05,1.8999227378464494,-0.0007090828291214102,1013
prl,0,0.005882517591388137,5.807026250136364e-06,0.00604859354297127,0.0002919183685448892,1.8530193305074274,-0.000668928592248097,1013
prl,1,0.00651998080471472,6.4363087904390125e-06,0.006640894835691302,0.0001953806910160028,1.9849450573156748,-0.000702626256261385,1013
prl,2,0.006034276523119608,5.956837633879179e-06,0.006230965833388558,0.0003501621156798534,1.8988740752928561,-0.0007321906805669576,1013
