run_id,eval_id,eval_window,model_type,seed,period,total_reward,avg_reward,cumulative_return,cumulative_return_net_exp,cumulative_return_net_lin,avg_turnover,total_turnover,sharpe,sharpe_net_exp,sharpe_net_lin,max_drawdown,max_drawdown_net_exp,max_drawdown_net_lin,mean_daily_return_gross,std_daily_return_gross,mean_daily_net_return_exp,std_daily_net_return_exp,mean_daily_net_return_lin,std_daily_net_return_lin,mean_daily_return_gross_mid,std_daily_return_gross_mid,mean_daily_net_return_exp_mid,std_daily_net_return_exp_mid,mean_daily_net_return_lin_mid,std_daily_net_return_lin_mid,steps
20260203T141949Z_32a08b8d_seed0_prl_3124,20260203T141949Z_32a08b8d_seed0_prl_3124,W1,prl_sac,0,test,0.14998006101177452,0.0003054583727327383,0.22864002370672454,0.16181107715994414,0.16179167306458275,0.2278119109907768,111.85564829647141,0.7957861122745393,0.5992073326252914,0.5990900324143144,-0.15316219587229885,-0.15592136141749946,-0.15595690617359803,0.0004619789617242222,0.009215652986246959,0.0003480958324164661,0.009221933259297162,0.00034807300622883387,0.009223134047464018,0.00011781820742787645,0.007860963696724272,4.608976906560433e-06,0.007861771249466278,4.60311817441278e-06,0.007862589784493746,491
20260203T142208Z_32a08b8d_seed1_prl_d2c4,20260203T142208Z_32a08b8d_seed1_prl_d2c4,W1,prl_sac,1,test,0.33823306085537297,0.0006888657043897617,0.5106833316551949,0.4024673255536406,0.4025013449572399,0.3027658762401798,148.65804523392828,1.2949424636236175,1.076910951301669,1.0768399415934917,-0.191133473625136,-0.1946966133874234,-0.1947342398238665,0.0009008615724845551,0.01104352858961378,0.0007494100504226194,0.011046888998764812,0.0007494786343644651,0.01104862850768908,0.0013312287849161282,0.008935097264409428,0.0011860834482544027,0.008936706976198925,0.0011862422373322792,0.008937746069934518,491
