run_id,model_type,seed,period,total_reward,avg_reward,cumulative_return,avg_turnover,total_turnover,sharpe,max_drawdown,steps
20260121T162917Z_ad13f00a_seed0_prl_8196,prl_sac,0,test,0.4294784816956962,0.0004418502898103,0.5761042092341735,0.0524230878162325,50.95524135737803,0.8473496153134001,-0.1962076456576298,972
baseline_strategies_seed0,buy_and_hold_equal_weight,0,test,0.3979531322734477,0.0003971588146441,0.4887742528075645,0.0,0.0,0.7576721740867598,-0.2116057000744898,1002
baseline_strategies_seed0,daily_rebalanced_equal_weight,0,test,0.3994158098412692,0.0003986185726958,0.4981536167111042,0.009616003727176,9.635235734630449,0.7452838307202073,-0.215551885783421,1002
baseline_strategies_seed0,inverse_vol_risk_parity,0,test,0.3355669273542752,0.000334897133088,0.4208313363765752,0.0312878664740587,31.350442207006832,0.6990353470017964,-0.1946587170277511,1002
baseline_seed0_step_250000_steps,baseline,0,test,0.4378943767505916,0.0004505086180561642,0.5571501146629618,0.010211769108029189,9.925839573004371,0.8299704498118831,-0.19553624509543466,972
