model_type,seed,total_reward,avg_reward,cumulative_return,avg_turnover,total_turnover,sharpe,max_drawdown,steps
buy_and_hold_equal_weight,0,-0.09575332708395269,-0.0015198940806976618,-0.09131186282215853,0.0,0.0,-1.523440932691365,-0.12720900719351902,63
daily_rebalanced_equal_weight,0,-0.09479443541654803,-0.001504673578040445,-0.09017484038048151,0.009257307914013165,0.5832103985828294,-1.517960829501164,-0.1253834737321654,63
inverse_vol_risk_parity,0,-0.08166574560450575,-0.001296281676261996,-0.07612388931685654,0.07899841039259355,4.976899854733394,-1.4164515842239263,-0.1102056078398097,63
baseline_sac,0,-0.10327288741245866,-0.0019485450455180879,-0.0929906598637198,0.21397564411798498,11.340709138253203,-1.6609174860254814,-0.11036839829090539,53
prl_sac,0,-0.1007951411884278,-0.0019017951167627889,-0.09032553889938799,0.23119490851460417,12.253330151274021,-1.7118803155611308,-0.10343263461435936,53
