model_type,seed,total_reward,avg_reward,cumulative_return,avg_turnover,total_turnover,sharpe,max_drawdown,steps
baseline,0,-0.22646446003091114,-0.00023298812760381805,0.178503176854101,0.8039292188460935,781.4192007184029,0.34046246914367984,-0.22988617513223897,972
prl,0,-0.4577974779431315,-0.00047098505961227523,0.09193516339770902,1.1229402918383908,1091.497963666916,0.2206174106343417,-0.2799603229111842,972
