{
  "q33": 0.6261294555095647,
  "q66": 2.2696041946299434,
  "regime_policy": "Vz quantile split on test period"
}