model_type,seed,model_path,total_reward,avg_reward,cumulative_return,avg_turnover,sharpe,max_drawdown,steps
baseline,0,outputs/models/baseline_seed0_final.zip,-0.13850892867776565,-0.002613376012788031,-0.1266484414897331,0.11667266210435696,-2.0971938817092894,-0.13480621985099772,53
prl,0,outputs/models/prl_seed0_final.zip,-0.1521995805305778,-0.0028716901986901473,-0.1355617606184335,0.24619464618417453,-2.5303025140123045,-0.1394307191515104,53
