model_type,total_reward_mean,total_reward_std,avg_reward_mean,avg_reward_std,cumulative_return_mean,cumulative_return_std,avg_turnover_mean,avg_turnover_std,sharpe_mean,sharpe_std,max_drawdown_mean,max_drawdown_std,steps_mean,steps_std
baseline,0.0061129835176967325,5.037400345726206e-05,6.034534568308795e-06,4.9727545367484276e-08,0.006162054642273967,5.496774243169171e-05,5.954953370840779e-05,9.325898263977077e-06,1.9074555253634908,0.0068961548560137085,-0.0006946375725705667,1.1706921365929152e-05,1013.0,0.0
prl,0.006145591639740801,0.0002718861630382124,6.066724224818184e-06,2.6839700201205193e-07,0.006306818070683666,0.00024768309963403773,0.0002791537250802,6.383063239188879e-05,1.9122794877053195,0.05468624543662536,-0.0007012485096920667,2.5845007175130882e-05,1013.0,0.0
