model_type,total_reward_mean,total_reward_std,avg_reward_mean,avg_reward_std,cumulative_return_mean,cumulative_return_std,avg_turnover_mean,avg_turnover_std,total_turnover_mean,total_turnover_std,sharpe_mean,sharpe_std,max_drawdown_mean,max_drawdown_std,steps_mean,steps_std
baseline,-0.10162256029434502,0.0,-0.0019174067980065098,0.0,-0.0915161334817145,0.0,0.21299647757748388,0.0,11.288813311606646,0.0,-1.6340203898962191,0.0,-0.10880810855552958,0.0,53.0,0.0
prl,-0.10246081469813362,0.0,-0.0019332229188327099,0.0,-0.09237047825612721,0.0,0.20912524418167347,0.0,11.083637941628695,0.0,-1.7688344280979977,0.0,-0.1039404684126175,0.0,53.0,0.0
