model_type,total_reward_mean,total_reward_std,avg_reward_mean,avg_reward_std,cumulative_return_mean,cumulative_return_std,avg_turnover_mean,avg_turnover_std,total_turnover_mean,total_turnover_std,sharpe_mean,sharpe_std,max_drawdown_mean,max_drawdown_std,steps_mean,steps_std
baseline_sac,-0.11662071053642649,0.16413221806495987,-0.00011998015487286674,0.0001688603066511933,0.2925057921669011,0.21687079989772806,0.7385156219799358,0.04932770215755559,717.8371845644975,47.94652649714404,0.4821416836783007,0.27429980764211387,-0.2282725601611772,0.05431839581811826,972.0,0.0
buy_and_hold_equal_weight,0.39795313227344775,0.0,0.0003971588146441594,0.0,0.4887742528075645,0.0,0.0,0.0,0.0,0.0,0.7576721740867598,0.0,-0.2116057000744899,2.7755575615628914e-17,1002.0,0.0
daily_rebalanced_equal_weight,0.39941580984126923,0.0,0.0003986185726958775,0.0,0.49815361671110425,0.0,0.009616003727176097,0.0,9.635235734630449,0.0,0.7452838307202073,0.0,-0.21555188578342097,2.7755575615628914e-17,1002.0,0.0
inverse_vol_risk_parity,0.3355669273542752,0.0,0.000334897133088099,0.0,0.4208313363765752,0.0,0.03128786647405871,0.0,31.35044220700683,3.552713678800501e-15,0.6990353470017964,0.0,-0.19465871702775117,0.0,1002.0,0.0
prl_sac,-0.20143094393679348,0.22124184326741309,-0.00020723348141645417,0.00022761506508993113,0.4244533369717451,0.33156636577590787,1.093493506853212,0.0589208142528146,1062.875688661322,57.27103145373577,0.601904426361338,0.33296119021272713,-0.23763540684769965,0.03774422424519894,972.0,0.0
