kappa,exec_sharpe_eta_1_0,exec_sharpe_eta_0_5,exec_delta_pair_median,target_sharpe_eta_1_0,target_sharpe_eta_0_5,target_delta_pair_median,target_minus_exec_delta,toexec_eta_1_0,toexec_eta_0_5,totgt_eta_0_5,tracking_eta_0_5,ranking_mismatch
0,1.154217,1.155357,-0.000246,1.154217,1.15422,-0.0,0.000246,0.021995,0.010949,0.021898,0.002587,no
5e-4,1.133972,1.144663,0.010503,1.133972,1.133966,-0.00015,-0.010652,0.021995,0.010949,0.021898,0.002587,yes
1e-3,1.112718,1.133969,0.021251,1.112718,1.112825,-0.000308,-0.021558,0.021995,0.010949,0.021898,0.002587,yes
