{
  "mean": 0.013739372585231469,
  "std": 0.005994622974240644
}