{
  "mean": 0.0002692841869628668,
  "std": 7.467235658308132e-06
}