{
  "mean": 0.014200107663138289,
  "std": 0.007755310363352988
}