{
  "mean": 0.01223872296454929,
  "std": 0.0033151833180488613
}