{
  "mean": 0.011724097241678031,
  "std": 0.003324223255602085
}