{
  "mean": 0.00966349289796724,
  "std": 0.003196823183306556
}