{
  "mean": 0.013104365165524944,
  "std": 0.008031053267791844
}