{
  "mean": 0.01366466537519203,
  "std": 0.005963016248475647
}