{
  "mean": 0.01206498900317169,
  "std": 0.0032867400992850175
}