kappa,selected_eta,baseline_eta,n_pairs,n_wins_sharpe,win_rate_sharpe,sign_test_one_sided_p,wilcoxon_two_sided_p_delta_sharpe,wilcoxon_skipped_reason_delta_sharpe,selected_median_sharpe_net_lin,selected_iqr_sharpe_net_lin,baseline_median_sharpe_net_lin,baseline_iqr_sharpe_net_lin,median_delta_sharpe_net_lin,iqr_delta_sharpe_net_lin,bootstrap_ci_low_median_delta_sharpe_net_lin,bootstrap_ci_high_median_delta_sharpe_net_lin,selected_median_cagr,selected_iqr_cagr,baseline_median_cagr,baseline_iqr_cagr,median_delta_cagr,iqr_delta_cagr,wilcoxon_two_sided_p_delta_cagr,wilcoxon_skipped_reason_delta_cagr,bootstrap_ci_low_median_delta_cagr,bootstrap_ci_high_median_delta_cagr,selected_median_turnover_exec,baseline_median_turnover_exec,median_delta_turnover_exec,selected_median_maxdd,baseline_median_maxdd,median_delta_maxdd
0.0,0.2,1.0,10,6,0.6,0.376953125,0.275390625,,1.2153824968943274,0.060890381416891515,1.2175563389310686,0.06316955644610522,0.005408037318204828,0.01954238140283815,-0.005676594579984928,0.016141784355452327,0.1350077566166705,0.006397419922456737,0.1353537192749163,0.007483672027578436,0.0005526683018336476,0.002333859102336709,0.375,,-0.0008333731506169062,0.0018888458462875957,0.0049858634851164,0.0218358327417048,-0.01668363980106015,-0.06397440027058965,-0.06423803839634774,0.00022120851443059586
0.0005,0.2,1.0,10,10,1.0,0.0009765625,0.001953125,,1.209668743466904,0.061831938081328586,1.1938947223085377,0.06658322727709098,0.022183233462594987,0.02094845574532339,0.012811503883495945,0.03681529205585332,0.13434576279880825,0.0065404894516864764,0.13243112636864296,0.007888522578116841,0.0026275940935704956,0.002529835196807509,0.001953125,,0.0013984928575424826,0.0044024063679306,0.0049858634851164,0.0218358327417048,-0.01668363980106015,-0.0640099850890006,-0.0643890895745951,0.0003532897252725084
0.001,0.2,1.0,10,10,1.0,0.0009765625,0.001953125,,1.2043287935742208,0.06296064451215044,1.1694974941753298,0.07036482862976112,0.03895785395706142,0.02209833918427001,0.03156160487687676,0.057977560982661824,0.13368415558511135,0.006683363367383843,0.12942378147387346,0.008337242169735415,0.004696475221112349,0.002593750104749444,0.001953125,,0.0037977209161182135,0.00698902387783451,0.0049858634851164,0.0218358327417048,-0.01668363980106015,-0.06404556863386784,-0.06454011791477265,0.00048533907485184824
