{
  "mean": 0.013664664586184544,
  "std": 0.005963017610169652
}