{
  "mean": 0.01366466465343839,
  "std": 0.005963017502902201
}