{
  "mean": 0.013664665599701325,
  "std": 0.005963018308657519
}