{
  "mean": 0.013664665398736339,
  "std": 0.005963018383961894
}