{
  "mean": 0.014168359492144879,
  "std": 0.005512027222448934
}