{
  "mean": 0.013664665384393052,
  "std": 0.005963017203141158
}