{
  "mean": 0.013664666086629026,
  "std": 0.005963017076626326
}