{
  "mean": 0.014168359834249546,
  "std": 0.00551202680338066
}