{
  "mean": 0.01366466605706191,
  "std": 0.0059630179156103325
}