{
  "mean": 0.014168360030214117,
  "std": 0.005512027747891351
}