{
  "mean": 0.013676421917013204,
  "std": 0.005695191086291154
}