kappa,eta,n_runs,median_sharpe,iqr_sharpe,median_turnover_exec,collapse_rate,arm
0.0001,0.5,10,1.2151684386895218,0.0656650785861379,0.0109182415560379,0.0,eta_sweep
0.0001,1.0,10,1.2128416016357404,0.06384353323258107,0.021835833691560752,0.0,eta_sweep
0.0002,0.5,10,1.2128195215494266,0.06610143083219744,0.0109182415560379,0.0,eta_sweep
0.0002,1.0,10,1.2081268775281129,0.06451746293765415,0.021835833691560752,0.0,eta_sweep
0.002,0.5,10,1.1705371469640602,0.07395511264585863,0.0109182415560379,0.0,eta_sweep
0.002,1.0,10,1.12070537794545,0.07447780927054692,0.021835833691560752,0.0,eta_sweep
